Scenario,Defense_Mode,Max_Deviation_Hz,Time_Outside_Safe_sec,Attack_Success
SPOOF,none,4.566954096748539,39.800000000000004,True
SPOOF,rule_based,0.4809342289176044,15.9,True
SPOOF,kalman_only,0.15432145558845178,0.0,False
SPOOF,multi_signal,0.15459018640498812,0.0,False
SLOW_DRIFT,none,1.6993068052083231,28.0,True
SLOW_DRIFT,rule_based,0.4284342274146624,10.5,True
SLOW_DRIFT,kalman_only,0.13901383227203468,0.0,False
SLOW_DRIFT,multi_signal,0.13452186202476923,0.0,False
REPLAY,none,0.1580284028702721,0.0,False
REPLAY,rule_based,0.1580284028702721,0.0,False
REPLAY,kalman_only,0.1553701440731956,0.0,False
REPLAY,multi_signal,0.15565673431672167,0.0,False
DELAY,none,0.14210075919270082,0.0,False
DELAY,rule_based,0.14210075919270082,0.0,False
DELAY,kalman_only,0.13514099806693025,0.0,False
DELAY,multi_signal,0.14958492251447097,0.0,False
DOS,none,0.12033290113777895,0.0,False
DOS,rule_based,0.12033290113777895,0.0,False
DOS,kalman_only,0.12736986797648342,0.0,False
DOS,multi_signal,0.12972704938536594,0.0,False
