timestamp,sim_time_sec,frequency_hz,gen_setpoint_mw,load_demand_mw
1789725985.4682,0.00,50.0000,100.00,100.00
1789725985.5686,0.10,50.0000,100.00,100.00
1789725985.6721,0.20,50.0000,100.00,100.00
1789725985.7709,0.30,50.0000,100.00,100.00
1789725985.8679,0.40,50.0000,100.00,100.00
1789725985.9694,0.50,50.0000,100.00,100.00
1789725986.0715,0.60,50.0000,100.00,100.00
1789725986.1764,0.70,50.0000,100.00,100.00
1789725986.2752,0.80,50.0000,100.00,100.00
1789725986.3706,0.90,50.0000,100.00,100.00
1789725986.4767,1.00,50.0000,100.00,100.00
1789725986.5788,1.10,50.0000,100.00,100.00
1789725986.6799,1.20,50.0000,100.00,100.00
1789725986.7803,1.30,50.0000,100.00,100.00
1789725986.8764,1.40,50.0000,100.00,100.00
1789725986.9782,1.50,50.0000,100.00,100.00
1789725987.0779,1.60,50.0000,100.00,100.00
1789725987.1802,1.70,50.0000,100.00,100.00
1789725987.3085,1.80,50.0000,100.00,100.00
1789725987.4043,1.90,50.0000,100.00,100.00
1789725987.4870,2.00,50.0000,100.00,100.00
1789725987.5875,2.10,50.0000,100.00,100.00
1789725987.6843,2.20,50.0000,100.00,100.00
1789725987.7847,2.30,50.0000,100.00,100.00
1789725987.8844,2.40,50.0000,100.00,100.00
1789725987.9895,2.50,50.0000,100.00,100.00
1789725988.0856,2.60,50.0000,100.00,100.00
1789725988.1853,2.70,50.0000,100.00,100.00
1789725988.2872,2.80,50.0000,100.00,100.00
1789725988.3890,2.90,50.0000,100.00,100.00
1789725988.4918,3.00,50.0000,100.00,100.00
1789725988.5889,3.10,50.0000,100.00,100.00
1789725988.6888,3.20,50.0000,100.00,100.00
1789725988.7884,3.30,50.0000,100.00,100.00
1789725988.8933,3.40,50.0000,100.00,100.00
1789725988.9977,3.50,50.0000,100.00,100.00
1789725989.0965,3.60,50.0000,100.00,100.00
1789725989.1888,3.70,50.0000,100.00,100.00
1789725989.2933,3.80,50.0000,100.00,100.00
1789725989.3950,3.90,50.0000,100.00,100.00
1789725989.4928,4.00,50.0000,100.00,100.00
1789725989.6015,4.10,50.0000,100.00,100.00
1789725989.7224,4.20,50.0000,100.00,100.00
1789725989.8021,4.30,50.0000,100.00,100.00
1789725989.8973,4.40,50.0000,100.00,100.00
1789725989.9994,4.50,50.0000,100.00,100.00
1789725990.0950,4.60,50.0000,100.00,100.00
1789725990.1983,4.70,50.0000,100.00,100.00
1789725990.2988,4.80,50.0000,100.00,100.00
1789725990.3960,4.90,50.0000,100.00,100.00
1789725990.4971,5.00,50.0000,100.00,100.00
1789725990.5969,5.10,50.0000,100.00,100.00
1789725990.7058,5.20,50.0000,100.00,100.00
1789725990.8000,5.30,50.0000,100.00,100.00
1789725990.9044,5.40,50.0000,100.00,100.00
1789725991.0052,5.50,50.0000,100.00,100.00
1789725991.1015,5.60,50.0000,100.00,100.00
1789725991.2082,5.70,50.0000,100.00,100.00
1789725991.3074,5.80,50.0000,100.00,100.00
1789725991.4096,5.90,50.0000,100.00,100.00
1789725991.5099,6.00,50.0000,100.00,100.00
1789725991.6065,6.10,50.0000,100.00,100.00
1789725991.7091,6.20,50.0000,100.00,100.00
1789725991.8066,6.30,50.0000,100.00,100.00
1789725991.9157,6.40,50.0000,100.00,100.00
1789725992.0399,6.50,50.0000,100.00,100.00
1789725992.1265,6.60,50.0000,100.00,100.00
1789725992.2156,6.70,50.0000,100.00,100.00
1789725992.3143,6.80,50.0000,100.00,100.00
1789725992.4134,6.90,50.0000,100.00,100.00
1789725992.5082,7.00,50.0000,100.00,100.00
1789725992.6126,7.10,50.0000,100.00,100.00
1789725992.7132,7.20,50.0000,100.00,100.00
1789725992.8163,7.30,50.0000,100.00,100.00
1789725992.9146,7.40,50.0000,100.00,100.00
1789725993.0131,7.50,50.0000,100.00,100.00
1789725993.1166,7.60,50.0000,100.00,100.00
1789725993.2237,7.70,50.0000,100.00,100.00
1789725993.3188,7.80,50.0000,100.00,100.00
1789725993.4168,7.90,50.0000,100.00,100.00
1789725993.5196,8.00,50.0000,100.00,100.00
1789725993.6257,8.10,50.0000,100.00,100.00
1789725993.7214,8.20,50.0000,100.00,100.00
1789725993.8202,8.30,50.0000,100.00,100.00
1789725993.9221,8.40,50.0000,100.00,100.00
1789725994.0229,8.50,50.0000,100.00,100.00
1789725994.1208,8.60,50.0000,100.00,100.00
1789725994.2400,8.70,50.0000,100.00,100.00
1789725994.3349,8.80,50.0000,100.00,100.00
1789725994.4239,8.90,50.0000,100.00,100.00
1789725994.5294,9.00,50.0000,100.00,100.00
1789725994.6232,9.10,50.0000,100.00,100.00
1789725994.7254,9.20,50.0000,100.00,100.00
1789725994.8310,9.30,50.0000,100.00,100.00
1789725994.9331,9.40,50.0000,100.00,100.00
1789725995.0327,9.50,50.0000,100.00,100.00
1789725995.1308,9.60,50.0000,100.00,100.00
1789725995.2317,9.70,50.0000,100.00,100.00
1789725995.3292,9.80,50.0000,100.00,100.00
1789725995.4361,9.90,50.0000,100.00,100.00
1789725995.5344,10.00,50.0000,100.00,100.00
1789725995.6796,10.10,49.9700,100.00,103.00
1789725995.7563,10.20,49.9400,100.00,103.00
1789725995.8586,10.30,49.9100,100.00,103.00
1789725995.9561,10.40,49.8800,100.00,103.00
1789725996.0554,10.50,49.8500,100.00,103.00
1789725996.1543,10.60,49.8200,100.00,103.00
1789725996.2542,10.70,49.7900,100.00,103.00
1789725996.3571,10.80,49.7600,100.00,103.00
1789725996.4892,10.90,49.7300,100.00,103.00
1789725996.5749,11.00,49.7000,100.00,103.00
1789725996.6636,11.10,49.6700,100.00,103.00
1789725996.7652,11.20,49.6400,100.00,103.00
1789725996.8578,11.30,49.6100,100.00,103.00
1789725996.9597,11.40,49.5800,100.00,103.00
1789725997.0588,11.50,49.5500,100.00,103.00
1789725997.1626,11.60,49.5200,100.00,103.00
1789725997.2686,11.70,49.4900,100.00,103.00
1789725997.3649,11.80,49.4600,100.00,103.00
1789725997.4611,11.90,49.4300,100.00,103.00
1789725997.5644,12.00,49.4050,100.50,103.00
1789725997.6725,12.10,49.3800,100.50,103.00
1789725997.7708,12.20,49.3550,100.50,103.00
1789725997.8683,12.30,49.3300,100.50,103.00
1789725997.9669,12.40,49.3050,100.50,103.00
1789725998.0734,12.50,49.2850,101.00,103.00
1789725998.1646,12.60,49.2650,101.00,103.00
1789725998.2638,12.70,49.2450,101.00,103.00
1789725998.3623,12.80,49.2250,101.00,103.00
1789725998.4841,12.90,49.2050,101.00,103.00
1789725998.5628,13.00,49.1900,101.50,103.00
1789725998.6629,13.10,49.1750,101.50,103.00
1789725998.7705,13.20,49.1600,101.50,103.00
1789725998.9014,13.30,49.1450,101.50,103.00
1789725998.9792,13.40,49.1300,101.50,103.00
1789725999.0778,13.50,49.1150,101.50,103.00
1789725999.2063,13.60,49.1000,101.50,103.00
1789725999.2717,13.70,49.0850,101.50,103.00
1789725999.4167,13.80,49.0700,101.50,103.00
1789725999.5174,13.90,49.0550,101.50,103.00
1789725999.5853,14.00,49.0450,102.00,103.00
1789725999.6840,14.10,49.0350,102.00,103.00
1789725999.7849,14.20,49.0250,102.00,103.00
1789725999.8814,14.30,49.0150,102.00,103.00
1789726000.0005,14.40,49.0050,102.00,103.00
1789726000.0842,14.50,49.0000,102.50,103.00
1789725999.5582,14.60,48.9950,102.50,103.00
1789725999.6604,14.70,48.9900,102.50,103.00
1789725999.7595,14.80,48.9850,102.50,103.00
1789725999.8529,14.90,48.9850,103.00,103.00
1789725999.9405,15.00,48.9850,103.00,103.00
1789726000.0358,15.10,48.9850,103.00,103.00
1789726000.1379,15.20,48.9850,103.00,103.00
1789726000.2364,15.30,48.9850,103.00,103.00
1789726000.3604,15.40,48.9900,103.50,103.00
1789726000.4631,15.50,48.9950,103.50,103.00
1789726000.5565,15.60,49.0000,103.50,103.00
1789726000.6609,15.70,49.0050,103.50,103.00
1789726000.8167,15.80,49.0100,103.50,103.00
1789726000.8739,15.90,49.0200,104.00,103.00
1789726000.9944,16.00,49.0300,104.00,103.00
1789726001.0855,16.10,49.0400,104.00,103.00
1789726001.1819,16.20,49.0500,104.00,103.00
1789726001.3217,16.30,49.0650,104.50,103.00
1789726001.3887,16.40,49.0800,104.50,103.00
1789726001.4936,16.50,49.0950,104.50,103.00
1789726001.5832,16.60,49.1100,104.50,103.00
1789726001.7014,16.70,49.1250,104.50,103.00
1789726001.8009,16.80,49.1450,105.00,103.00
1789726001.9025,16.90,49.1650,105.00,103.00
1789726001.9942,17.00,49.1850,105.00,103.00
1789726002.0951,17.10,49.2050,105.00,103.00
1789726002.1983,17.20,49.2250,105.00,103.00
1789726002.3404,17.30,49.2500,105.50,103.00
1789726002.4087,17.40,49.2750,105.50,103.00
1789726002.5149,17.50,49.3000,105.50,103.00
1789726002.6107,17.60,49.3250,105.50,103.00
1789726002.7028,17.70,49.3500,105.50,103.00
1789726002.8013,17.80,49.3750,105.50,103.00
1789726002.8975,17.90,49.4000,105.50,103.00
1789726002.9985,18.00,49.4250,105.50,103.00
1789726003.1476,18.10,49.4500,105.50,103.00
1789726003.2752,18.20,49.4750,105.50,103.00
1789726003.3391,18.30,49.5050,106.00,103.00
1789726003.4346,18.40,49.5350,106.00,103.00
1789726003.5394,18.50,49.5650,106.00,103.00
1789726003.6531,18.60,49.5950,106.00,103.00
1789726003.7622,18.70,49.6250,106.00,103.00
1789726003.8414,18.80,49.6600,106.50,103.00
1789726003.9412,18.90,49.6950,106.50,103.00
1789726004.0416,19.00,49.7300,106.50,103.00
1789726004.1374,19.10,49.7650,106.50,103.00
1789726004.2559,19.20,49.8050,107.00,103.00
1789726004.3518,19.30,49.8450,107.00,103.00
1789726004.4431,19.40,49.8850,107.00,103.00
1789726004.5342,19.50,49.9250,107.00,103.00
1789726004.6357,19.60,49.9650,107.00,103.00
1789726004.7353,19.70,50.0100,107.50,103.00
1789726004.8410,19.80,50.0550,107.50,103.00
1789726004.9446,19.90,50.1000,107.50,103.00
1789726005.0386,20.00,50.1450,107.50,103.00
1789726005.1415,20.10,50.1900,107.50,103.00
1789726005.2462,20.20,50.2350,107.50,103.00
1789726005.3444,20.30,50.2800,107.50,103.00
1789726005.4635,20.40,50.3250,107.50,103.00
1789726005.5474,20.50,50.3700,107.50,103.00
1789726005.6412,20.60,50.4150,107.50,103.00
1789726005.7441,20.70,50.4600,107.50,103.00
1789726005.8515,20.80,50.5050,107.50,103.00
1789726005.9414,20.90,50.5500,107.50,103.00
1789726006.0480,21.00,50.5950,107.50,103.00
1789726006.1495,21.10,50.6400,107.50,103.00
1789726006.2500,21.20,50.6850,107.50,103.00
1789726006.3529,21.30,50.7300,107.50,103.00
1789726006.4550,21.40,50.7750,107.50,103.00
1789726006.5578,21.50,50.8200,107.50,103.00
1789726006.6603,21.60,50.8600,107.00,103.00
1789726006.7442,21.70,50.9000,107.00,103.00
1789726006.8537,21.80,50.9400,107.00,103.00
1789726006.9444,21.90,50.9800,107.00,103.00
1789726007.0870,22.00,51.0200,107.00,103.00
1789726007.1491,22.10,51.0550,106.50,103.00
1789726007.2452,22.20,51.0900,106.50,103.00
1789726007.4353,22.30,51.1250,106.50,103.00
1789726007.5156,22.40,51.1600,106.50,103.00
1789726007.6204,22.50,51.1900,106.00,103.00
1789726007.7146,22.60,51.2200,106.00,103.00
1789726007.7986,22.70,51.2500,106.00,103.00
1789726007.8982,22.80,51.2800,106.00,103.00
1789726008.0015,22.90,51.3100,106.00,103.00
1789726008.0996,23.00,51.3350,105.50,103.00
1789726008.2030,23.10,51.3600,105.50,103.00
1789726008.3042,23.20,51.3850,105.50,103.00
1789726008.4060,23.30,51.4100,105.50,103.00
1789726008.5009,23.40,51.4350,105.50,103.00
1789726008.6112,23.50,51.4550,105.00,103.00
1789726008.7029,23.60,51.4750,105.00,103.00
1789726008.8025,23.70,51.4950,105.00,103.00
1789726008.8967,23.80,51.5150,105.00,103.00
1789726008.9922,23.90,51.5350,105.00,103.00
1789726009.0992,24.00,51.5500,104.50,103.00
1789726009.2050,24.10,51.5650,104.50,103.00
1789726009.3044,24.20,51.5800,104.50,103.00
1789726009.3997,24.30,51.5950,104.50,103.00
1789726009.5440,24.40,51.6100,104.50,103.00
1789726009.6007,24.50,51.6200,104.00,103.00
1789726009.6965,24.60,51.6300,104.00,103.00
1789726009.8265,24.70,51.6400,104.00,103.00
1789726009.9145,24.80,51.6500,104.00,103.00
1789726010.0067,24.90,51.6600,104.00,103.00
1789726010.1062,25.00,51.6650,103.50,103.00
1789726010.2031,25.10,51.6700,103.50,103.00
1789726010.3054,25.20,51.6750,103.50,103.00
1789726010.4116,25.30,51.6800,103.50,103.00
1789726010.5013,25.40,51.6800,103.00,103.00
1789726010.5826,25.50,51.6800,103.00,103.00
1789726010.6813,25.60,51.6800,103.00,103.00
1789726010.7807,25.70,51.6800,103.00,103.00
1789726010.9238,25.80,51.6800,103.00,103.00
1789726011.0149,25.90,51.6750,102.50,103.00
1789726011.1086,26.00,51.6700,102.50,103.00
1789726011.2141,26.10,51.6650,102.50,103.00
1789726011.3142,26.20,51.6600,102.50,103.00
1789726011.4262,26.30,51.6500,102.00,103.00
1789726011.5073,26.40,51.6400,102.00,103.00
1789726011.6072,26.50,51.6300,102.00,103.00
1789726011.7104,26.60,51.6200,102.00,103.00
1789726011.8251,26.70,51.6100,102.00,103.00
1789726011.9331,26.80,51.5950,101.50,103.00
1789726012.0308,26.90,51.5800,101.50,103.00
1789726012.1122,27.00,51.5650,101.50,103.00
1789726012.2281,27.10,51.5500,101.50,103.00
1789726012.3117,27.20,51.5350,101.50,103.00
1789726012.4090,27.30,51.5200,101.50,103.00
1789726012.5111,27.40,51.5050,101.50,103.00
1789726012.6131,27.50,51.4900,101.50,103.00
1789726012.7114,27.60,51.4750,101.50,103.00
1789726012.8259,27.70,51.4550,101.00,103.00
1789726012.9102,27.80,51.4350,101.00,103.00
1789726013.0123,27.90,51.4150,101.00,103.00
1789726013.1175,28.00,51.3950,101.00,103.00
1789726013.2094,28.10,51.3750,101.00,103.00
1789726013.3124,28.20,51.3500,100.50,103.00
1789726013.4131,28.30,51.3250,100.50,103.00
1789726013.5263,28.40,51.3000,100.50,103.00
1789726013.6176,28.50,51.2750,100.50,103.00
1789726013.7121,28.60,51.2500,100.50,103.00
1789726013.8127,28.70,51.2200,100.00,103.00
1789726013.9079,28.80,51.1900,100.00,103.00
1789726014.0104,28.90,51.1600,100.00,103.00
1789726014.1591,29.00,51.1300,100.00,103.00
1789726014.2423,29.10,51.1000,100.00,103.00
1789726014.3421,29.20,51.0650,99.50,103.00
1789726014.4257,29.30,51.0300,99.50,103.00
1789726014.5193,29.40,50.9950,99.50,103.00
1789726014.6216,29.50,50.9600,99.50,103.00
1789726014.7408,29.60,50.9250,99.50,103.00
1789726014.8237,29.70,50.8850,99.00,103.00
1789726014.9237,29.80,50.8450,99.00,103.00
1789726015.0211,29.90,50.8050,99.00,103.00
1789726015.1276,30.00,50.7650,99.00,103.00
1789726015.2262,30.10,50.7200,98.50,103.00
1789726015.3266,30.20,50.6750,98.50,103.00
1789726015.4190,30.30,50.6300,98.50,103.00
1789726015.5219,30.40,50.5850,98.50,103.00
1789726015.6397,30.50,50.5400,98.50,103.00
1789726015.7240,30.60,50.4900,98.00,103.00
1789726015.8250,30.70,50.4400,98.00,103.00
1789726015.9253,30.80,50.3900,98.00,103.00
1789726016.0285,30.90,50.3400,98.00,103.00
1789726016.1250,31.00,50.2850,97.50,103.00
1789726016.2451,31.10,50.2300,97.50,103.00
1789726016.3453,31.20,50.1750,97.50,103.00
1789726016.4302,31.30,50.1200,97.50,103.00
1789726016.5283,31.40,50.0650,97.50,103.00
1789726016.6301,31.50,50.0100,97.50,103.00
1789726016.7320,31.60,49.9550,97.50,103.00
1789726016.8270,31.70,49.9000,97.50,103.00
1789726016.9297,31.80,49.8450,97.50,103.00
1789726017.0307,31.90,49.7900,97.50,103.00
1789726017.1479,32.00,49.7300,97.00,103.00
1789726017.2275,32.10,49.6700,97.00,103.00
1789726017.3317,32.20,49.6100,97.00,103.00
1789726017.4322,32.30,49.5500,97.00,103.00
1789726017.5415,32.40,49.4900,97.00,103.00
1789726017.6291,32.50,49.4300,97.00,103.00
1789726017.7321,32.60,49.3700,97.00,103.00
1789726017.8311,32.70,49.3100,97.00,103.00
1789726017.9324,32.80,49.2500,97.00,103.00
1789726018.0493,32.90,49.1900,97.00,103.00
1789726018.1315,33.00,49.1350,97.50,103.00
1789726018.2299,33.10,49.0800,97.50,103.00
1789726018.3299,33.20,49.0250,97.50,103.00
1789726018.4865,33.30,48.9700,97.50,103.00
1789726018.5657,33.40,48.9150,97.50,103.00
1789726018.6608,33.50,48.8600,97.50,103.00
1789726018.7786,33.60,48.8050,97.50,103.00
1789726018.8468,33.70,48.7550,98.00,103.00
1789726018.9441,33.80,48.7050,98.00,103.00
1789726019.0465,33.90,48.6550,98.00,103.00
1789726019.1472,34.00,48.6050,98.00,103.00
1789726019.2479,34.10,48.5600,98.50,103.00
1789726019.3476,34.20,48.5150,98.50,103.00
1789726019.4464,34.30,48.4700,98.50,103.00
1789726019.5487,34.40,48.4250,98.50,103.00
1789726019.6677,34.50,48.3850,99.00,103.00
1789726019.7516,34.60,48.3450,99.00,103.00
1789726019.8488,34.70,48.3050,99.00,103.00
1789726019.9496,34.80,48.2650,99.00,103.00
1789726020.0705,34.90,48.2250,99.00,103.00
1789726020.1534,35.00,48.1900,99.50,103.00
1789726020.2518,35.10,48.1550,99.50,103.00
1789726020.3455,35.20,48.1200,99.50,103.00
1789726020.4499,35.30,48.0850,99.50,103.00
1789726020.5482,35.40,48.0550,100.00,103.00
1789726020.6544,35.50,48.0250,100.00,103.00
1789726020.7683,35.60,47.9950,100.00,103.00
1789726020.8740,35.70,47.9650,100.00,103.00
1789726020.9645,35.80,47.9350,100.00,103.00
1789726021.0745,35.90,47.9050,100.00,103.00
1789726021.1650,36.00,47.8750,100.00,103.00
1789726021.2574,36.10,47.8450,100.00,103.00
1789726021.3503,36.20,47.8150,100.00,103.00
1789726021.4549,36.30,47.7850,100.00,103.00
1789726021.5594,36.40,47.7550,100.00,103.00
1789726021.6818,36.50,47.7300,100.50,103.00
1789726021.7547,36.60,47.7050,100.50,103.00
1789726021.8545,36.70,47.6800,100.50,103.00
1789726021.9554,36.80,47.6550,100.50,103.00
1789726022.0598,36.90,47.6300,100.50,103.00
1789726022.1585,37.00,47.6100,101.00,103.00
1789726022.2525,37.10,47.5900,101.00,103.00
1789726022.3574,37.20,47.5700,101.00,103.00
1789726022.4590,37.30,47.5500,101.00,103.00
1789726022.5873,37.40,47.5350,101.50,103.00
1789726022.6592,37.50,47.5200,101.50,103.00
1789726022.7594,37.60,47.5050,101.50,103.00
1789726022.8586,37.70,47.4900,101.50,103.00
1789726022.9567,37.80,47.4750,101.50,103.00
1789726023.0860,37.90,47.4650,102.00,103.00
1789726023.1690,38.00,47.4550,102.00,103.00
1789726023.2637,38.10,47.4450,102.00,103.00
1789726023.3615,38.20,47.4350,102.00,103.00
1789726023.4962,38.30,47.4250,102.00,103.00
1789726023.5610,38.40,47.4200,102.50,103.00
1789726023.6658,38.50,47.4150,102.50,103.00
1789726023.7661,38.60,47.4100,102.50,103.00
1789726023.8571,38.70,47.4050,102.50,103.00
1789726023.9559,38.80,47.4050,103.00,103.00
1789726024.0369,38.90,47.4050,103.00,103.00
1789726024.1370,39.00,47.4050,103.00,103.00
1789726024.2422,39.10,47.4050,103.00,103.00
1789726024.3373,39.20,47.4050,103.00,103.00
1789726024.4380,39.30,47.4050,103.00,103.00
1789726024.5423,39.40,47.4050,103.00,103.00
1789726024.6455,39.50,47.4050,103.00,103.00
1789726024.7415,39.60,47.4050,103.00,103.00
1789726024.8709,39.70,47.4100,103.50,103.00
1789726024.9656,39.80,47.4150,103.50,103.00
1789726025.0625,39.90,47.4200,103.50,103.00
1789726025.1864,40.00,47.4250,103.50,103.00
1789726025.2834,40.10,47.4300,103.50,103.00
1789726025.3900,40.20,47.4350,103.50,103.00
1789726025.4879,40.30,47.4450,104.00,103.00
1789726025.5694,40.40,47.4550,104.00,103.00
1789726025.6670,40.50,47.4650,104.00,103.00
1789726025.7683,40.60,47.4750,104.00,103.00
1789726025.9110,40.70,47.4850,104.00,103.00
1789726025.9778,40.80,47.5000,104.50,103.00
1789726026.0746,40.90,47.5150,104.50,103.00
1789726026.1704,41.00,47.5300,104.50,103.00
1789726026.2716,41.10,47.5450,104.50,103.00
1789726026.3897,41.20,47.5650,105.00,103.00
1789726026.4695,41.30,47.5850,105.00,103.00
1789726026.5684,41.40,47.6050,105.00,103.00
1789726026.6724,41.50,47.6250,105.00,103.00
1789726026.8115,41.60,47.6500,105.50,103.00
1789726026.8750,41.70,47.6750,105.50,103.00
1789726026.9731,41.80,47.7000,105.50,103.00
1789726027.0707,41.90,47.7250,105.50,103.00
1789726027.1730,42.00,47.7500,105.50,103.00
1789726027.2709,42.10,47.7800,106.00,103.00
1789726027.3988,42.20,47.8100,106.00,103.00
1789726027.4981,42.30,47.8400,106.00,103.00
1789726027.5773,42.40,47.8700,106.00,103.00
1789726027.6763,42.50,47.9000,106.00,103.00
1789726027.7907,42.60,47.9350,106.50,103.00
1789726027.8739,42.70,47.9700,106.50,103.00
1789726027.9785,42.80,48.0050,106.50,103.00
1789726028.0784,42.90,48.0400,106.50,103.00
1789726028.1765,43.00,48.0750,106.50,103.00
1789726028.2749,43.10,48.1100,106.50,103.00
1789726028.3792,43.20,48.1450,106.50,103.00
1789726028.4809,43.30,48.1800,106.50,103.00
1789726028.5831,43.40,48.2150,106.50,103.00
1789726028.7179,43.50,48.2550,107.00,103.00
1789726028.7742,43.60,48.2950,107.00,103.00
1789726028.8768,43.70,48.3350,107.00,103.00
1789726028.9830,43.80,48.3750,107.00,103.00
1789726029.0822,43.90,48.4150,107.00,103.00
1789726029.1760,44.00,48.4600,107.50,103.00
1789726029.2789,44.10,48.5050,107.50,103.00
1789726029.3780,44.20,48.5500,107.50,103.00
1789726029.4731,44.30,48.5950,107.50,103.00
1789726029.6383,44.40,48.6450,108.00,103.00
1789726029.7117,44.50,48.6950,108.00,103.00
1789726029.8026,44.60,48.7450,108.00,103.00
1789726029.9002,44.70,48.7950,108.00,103.00
1789726029.9920,44.80,48.8450,108.00,103.00
1789726030.0947,44.90,48.9000,108.50,103.00
1789726030.1955,45.00,48.9550,108.50,103.00
1789726030.3038,45.10,49.0100,108.50,103.00
1789726030.4039,45.20,49.0650,108.50,103.00
1789726030.4945,45.30,49.1200,108.50,103.00
1789726030.5955,45.40,49.1800,109.00,103.00
1789726030.6981,45.50,49.2400,109.00,103.00
1789726030.8037,45.60,49.3000,109.00,103.00
1789726030.9035,45.70,49.3600,109.00,103.00
1789726031.0389,45.80,49.4200,109.00,103.00
1789726031.1036,45.90,49.4850,109.50,103.00
1789726031.2044,46.00,49.5500,109.50,103.00
1789726031.3031,46.10,49.6150,109.50,103.00
1789726031.4030,46.20,49.6800,109.50,103.00
1789726031.5176,46.30,49.7500,110.00,103.00
1789726031.6021,46.40,49.8200,110.00,103.00
1789726031.7009,46.50,49.8900,110.00,103.00
1789726031.8083,46.60,49.9600,110.00,103.00
1789726031.9319,46.70,50.0300,110.00,103.00
1789726032.0074,46.80,50.1000,110.00,103.00
1789726031.4473,46.90,50.1700,110.00,103.00
1789726032.2033,47.00,50.2450,110.50,103.00
1789726032.3067,47.10,50.3200,110.50,103.00
1789726032.4055,47.20,50.3950,110.50,103.00
1789726032.5025,47.30,50.4700,110.50,103.00
1789726032.6080,47.40,50.5450,110.50,103.00
1789726032.7081,47.50,50.6200,110.50,103.00
1789726032.8148,47.60,50.6950,110.50,103.00
1789726032.9082,47.70,50.7700,110.50,103.00
1789726033.0041,47.80,50.8450,110.50,103.00
1789726033.1044,47.90,50.9150,110.00,103.00
1789726033.2046,48.00,50.9850,110.00,103.00
1789726033.3139,48.10,51.0550,110.00,103.00
1789726033.4598,48.20,51.1250,110.00,103.00
1789726033.5230,48.30,51.1950,110.00,103.00
1789726033.6213,48.40,51.2600,109.50,103.00
1789726033.7162,48.50,51.3250,109.50,103.00
1789726033.8189,48.60,51.3900,109.50,103.00
1789726033.9206,48.70,51.4550,109.50,103.00
1789726034.0386,48.80,51.5150,109.00,103.00
1789726034.1209,48.90,51.5750,109.00,103.00
1789726034.2179,49.00,51.6350,109.00,103.00
1789726034.3227,49.10,51.6950,109.00,103.00
1789726034.4257,49.20,51.7550,109.00,103.00
1789726034.5271,49.30,51.8150,109.00,103.00
1789726034.6249,49.40,51.8750,109.00,103.00
1789726034.7191,49.50,51.9350,109.00,103.00
1789726034.8222,49.60,51.9950,109.00,103.00
1789726034.9236,49.70,52.0500,108.50,103.00
1789726035.0229,49.80,52.1050,108.50,103.00
1789726035.1213,49.90,52.1600,108.50,103.00
1789726035.2266,50.00,52.2150,108.50,103.00
1789726035.3442,50.10,52.2650,108.00,103.00
1789726035.4201,50.20,52.3150,108.00,103.00
1789726035.5576,50.30,52.3650,108.00,103.00
1789726035.6403,50.40,52.4150,108.00,103.00
1789726035.7255,50.50,52.4650,108.00,103.00
1789726035.8273,50.60,52.5150,108.00,103.00
1789726035.9232,50.70,52.5600,107.50,103.00
1789726036.0228,50.80,52.6050,107.50,103.00
1789726036.1279,50.90,52.6500,107.50,103.00
1789726036.2288,51.00,52.6950,107.50,103.00
1789726036.3486,51.10,52.7400,107.50,103.00
1789726036.4238,51.20,52.7800,107.00,103.00
1789726036.5271,51.30,52.8200,107.00,103.00
1789726036.6366,51.40,52.8600,107.00,103.00
1789726036.7286,51.50,52.9000,107.00,103.00
1789726036.8458,51.60,52.9350,106.50,103.00
1789726036.9280,51.70,52.9700,106.50,103.00
1789726037.0287,51.80,53.0050,106.50,103.00
1789726037.1381,51.90,53.0400,106.50,103.00
1789726037.2249,52.00,53.0750,106.50,103.00
1789726037.3242,52.10,53.1050,106.00,103.00
1789726037.4246,52.20,53.1350,106.00,103.00
1789726037.5229,52.30,53.1650,106.00,103.00
1789726037.6652,52.40,53.1950,106.00,103.00
1789726037.7533,52.50,53.2250,106.00,103.00
1789726037.8786,52.60,53.2500,105.50,103.00
1789726037.9409,52.70,53.2750,105.50,103.00
1789726038.0416,52.80,53.3000,105.50,103.00
1789726038.1391,52.90,53.3250,105.50,103.00
1789726038.2352,53.00,53.3500,105.50,103.00
1789726038.3386,53.10,53.3700,105.00,103.00
1789726038.4428,53.20,53.3900,105.00,103.00
1789726038.5444,53.30,53.4100,105.00,103.00
1789726038.6341,53.40,53.4300,105.00,103.00
1789726038.7529,53.50,53.4500,105.00,103.00
1789726038.8386,53.60,53.4650,104.50,103.00
1789726038.9431,53.70,53.4800,104.50,103.00
1789726039.0398,53.80,53.4950,104.50,103.00
1789726039.1395,53.90,53.5100,104.50,103.00
1789726039.2523,54.00,53.5200,104.00,103.00
1789726039.3414,54.10,53.5300,104.00,103.00
1789726039.4406,54.20,53.5400,104.00,103.00
1789726039.5380,54.30,53.5500,104.00,103.00
1789726039.6429,54.40,53.5600,104.00,103.00
1789726039.7401,54.50,53.5700,104.00,103.00
1789726039.8358,54.60,53.5800,104.00,103.00
1789726040.0061,54.70,53.5900,104.00,103.00
1789726040.0760,54.80,53.6000,104.00,103.00
1789726040.1716,54.90,53.6100,104.00,103.00
1789726040.2854,55.00,53.6200,104.00,103.00
1789726040.3689,55.10,53.6250,103.50,103.00
1789726040.4626,55.20,53.6300,103.50,103.00
1789726040.5650,55.30,53.6350,103.50,103.00
1789726040.6709,55.40,53.6400,103.50,103.00
1789726040.7416,55.50,53.6400,103.00,103.00
1789726040.8414,55.60,53.6400,103.00,103.00
1789726040.9429,55.70,53.6400,103.00,103.00
1789726041.0436,55.80,53.6400,103.00,103.00
1789726041.2136,55.90,53.6350,102.50,103.00
1789726041.2750,56.00,53.6300,102.50,103.00
1789726041.3700,56.10,53.6250,102.50,103.00
1789726041.4730,56.20,53.6200,102.50,103.00
1789726041.5957,56.30,53.6150,102.50,103.00
1789726041.6732,56.40,53.6050,102.00,103.00
1789726041.7719,56.50,53.5950,102.00,103.00
1789726041.8722,56.60,53.5850,102.00,103.00
1789726041.9734,56.70,53.5750,102.00,103.00
1789726042.0761,56.80,53.5600,101.50,103.00
1789726042.2489,56.90,53.5450,101.50,103.00
1789726042.3172,57.00,53.5300,101.50,103.00
1789726042.4091,57.10,53.5150,101.50,103.00
1789726042.5138,57.20,53.5000,101.50,103.00
1789726042.6142,57.30,53.4850,101.50,103.00
1789726042.7096,57.40,53.4700,101.50,103.00
1789726042.8111,57.50,53.4550,101.50,103.00
1789726042.9133,57.60,53.4400,101.50,103.00
1789726043.0148,57.70,53.4250,101.50,103.00
1789726043.1049,57.80,53.4050,101.00,103.00
1789726043.2104,57.90,53.3850,101.00,103.00
1789726043.3060,58.00,53.3650,101.00,103.00
1789726043.4083,58.10,53.3450,101.00,103.00
1789726043.5141,58.20,53.3250,101.00,103.00
1789726043.6071,58.30,53.3000,100.50,103.00
1789726043.7104,58.40,53.2750,100.50,103.00
1789726043.8168,58.50,53.2500,100.50,103.00
1789726043.9222,58.60,53.2250,100.50,103.00
1789726044.0330,58.70,53.2000,100.50,103.00
1789726044.1107,58.80,53.1700,100.00,103.00
1789726044.2132,58.90,53.1400,100.00,103.00
1789726044.3116,59.00,53.1100,100.00,103.00
1789726044.4226,59.10,53.0800,100.00,103.00
1789726044.5251,59.20,53.0500,100.00,103.00
1789726044.6479,59.30,53.0150,99.50,103.00
1789726044.7127,59.40,52.9800,99.50,103.00
1789726044.8124,59.50,52.9450,99.50,103.00
1789726044.9198,59.60,52.9100,99.50,103.00
1789726045.0153,59.70,52.8750,99.50,103.00
1789726045.1185,59.80,52.8350,99.00,103.00
1789726045.2327,59.90,52.7950,99.00,103.00
